id,first_name,last_name,phone_no,gender,state
1,Samaria,Scurr,806-177-0657,Female,Texas
2,Brien,Bwye,502-389-2246,Male,Kentucky
3,Theo,Lowless,716-212-9641,Female,New York
4,Ainsley,Warbrick,516-602-5318,Female,New York
5,Lucille,Perillo,469-396-7429,Female,Texas
6,Mitchael,Anthoney,480-831-7202,Male,Arizona
7,Tracy,Eseler,405-274-0991,Male,Oklahoma
8,Paola,Hynde,770-588-2756,Female,Georgia
9,Corrie,Gravells,619-710-2024,Male,California
10,Berkie,Atling,312-511-0243,Male,Illinois
11,Jonas,Sego,937-714-3168,Male,Ohio
12,Stephani,Hodinton,321-391-0475,Female,Florida
13,Candis,Eustes,303-693-1145,Female,Colorado
14,Amandi,Elner,678-471-9615,Female,Georgia
15,Ephrem,Abbet,919-566-0628,Male,North Carolina
16,Bella,Lujan,559-401-9799,Female,California
17,Kennan,Vaudrey,864-963-4402,Male,South Carolina
18,Eberto,Schultes,260-703-3472,Male,Indiana
19,Whitman,MacGillreich,901-460-6855,Male,Tennessee
20,Charlotte,Marvelley,217-220-7698,Agender,Illinois
21,Blaine,Rist,515-651-8963,Male,Iowa
22,Jacquenetta,Eberdt,910-655-0160,Female,North Carolina
23,Adey,Denk,251-529-1104,Female,Alabama
24,Livvyy,Fulloway,202-673-2084,Female,District of Columbia
25,Charmane,Aartsen,716-167-0994,Female,New York
26,Marcos,Gwatkins,763-516-8321,Male,Minnesota
27,Audry,Linscott,269-794-1761,Female,Michigan
28,Maxy,Rosewall,304-554-3429,Male,West Virginia
29,Lamar,Sacco,501-962-1723,Genderfluid,Arkansas
30,Maitilde,Hammerich,312-766-7544,Female,Illinois
31,Dre,Yard,909-693-3641,Female,California
32,Nomi,Welford,765-756-7381,Female,Indiana
33,Bebe,Scneider,407-824-2461,Non-binary,Florida
34,Waverley,Schellig,816-713-9250,Male,Missouri
35,Jenelle,Tapper,718-352-9628,Female,New York
36,Bard,Renvoise,917-879-4730,Male,New York
37,Celisse,Hackey,317-263-0306,Female,Indiana
38,Dacia,Devil,505-903-4646,Female,New Mexico
39,Salomi,Suston,508-597-6124,Female,Massachusetts
40,Bobette,Bavage,785-479-6510,Female,Kansas
41,Luigi,Mulberry,904-173-2656,Male,Florida
42,Dame,Fee,909-550-6654,Genderqueer,California
43,Iver,Langcaster,918-529-7845,Male,Oklahoma
44,Richart,Saffran,646-292-8977,Male,New York
45,Wald,Sweatland,801-873-8793,Male,Utah
46,Gabriellia,Corneliussen,315-474-3395,Female,New York
47,Clarabelle,Yglesia,818-968-6637,Female,California
48,Nolly,Hammerman,513-139-1896,Male,Ohio
49,Gary,Musto,612-424-2654,Male,Minnesota
50,Georgena,Japp,813-872-3233,Female,Florida
51,Sharai,Eggerton,608-647-8171,Female,Wisconsin
52,Fallon,O'Sherrin,540-482-1642,Female,Virginia
53,Joseito,Drewet,808-814-7093,Male,Hawaii
54,Arlinda,Morgen,813-922-7996,Female,Florida
55,Mella,Churchlow,772-476-6875,Female,Florida
56,Morganica,Erdes,601-740-5467,Female,Mississippi
57,Garner,Merriment,512-399-5735,Male,Texas
58,Denver,MacGillavery,267-462-2494,Male,Pennsylvania
59,Lenora,Luker,412-808-0542,Female,Pennsylvania
60,Seward,Angelini,717-709-9063,Male,Pennsylvania
61,Grete,Caldow,305-521-4598,Female,Florida
62,Port,Boyce,321-823-0920,Male,Florida
63,Ashil,Heaney`,918-418-8992,Female,Oklahoma
64,Gay,Paolozzi,804-480-7146,Female,Virginia
65,Elianore,Wanderschek,915-988-1496,Non-binary,Texas
66,Verena,Yuryatin,336-338-3041,Female,North Carolina
67,Kendell,Wickendon,615-805-3033,Male,Tennessee
68,Jacquelyn,Cicchetto,508-922-5684,Female,Massachusetts
69,Jarrad,Pawlett,206-648-0857,Male,Washington
70,Bjorn,Humber,971-747-7967,Male,Oregon
71,Katya,Alliker,256-293-4076,Female,Alabama
72,Phyllis,Althrope,810-120-3731,Female,Michigan
73,Noah,Grimsley,704-545-2528,Male,North Carolina
74,Alastair,Andell,915-905-8345,Male,Texas
75,Paolo,Castiello,928-705-5570,Male,Arizona
76,Goldarina,Lindroos,757-797-7821,Female,Virginia
77,Casey,Torfin,214-723-7608,Female,Texas
78,Filmore,Matejovsky,619-982-0021,Male,California
79,Clarey,Steuhlmeyer,858-299-7198,Female,California
80,Lenci,Piggott,415-282-6500,Male,California
81,Michelle,Othick,304-136-8075,Female,West Virginia
82,Linn,Huey,212-270-3698,Female,New York
83,Elisha,Mosby,713-734-5780,Male,Texas
84,Thane,Cantu,217-130-0174,Genderqueer,Illinois
85,Spenser,Crohan,540-708-7822,Male,Virginia
86,Lalo,Oliffe,915-147-3819,Male,Texas
87,Dionisio,Jillins,804-609-6497,Male,Virginia
88,Rosabelle,Marusik,941-828-7077,Female,Florida
89,Reggie,Crenage,432-173-5869,Female,Texas
90,Kerrill,Outram,952-993-4719,Female,Minnesota
91,Corabella,Follet,512-159-9766,Female,Texas
92,Sydelle,Rozier,202-937-5070,Bigender,District of Columbia
93,Kevan,Lis,806-246-0431,Male,Texas
94,Berthe,Baptiste,402-876-4750,Female,Nebraska
95,Fredrika,Winkworth,816-113-4048,Female,Missouri
96,Spense,Eichmann,208-472-5780,Male,Idaho
97,Rasia,Leftley,303-674-0491,Female,Colorado
98,Mariquilla,Ambrozik,608-412-6682,Female,Wisconsin
99,Peter,Leacy,412-391-6390,Male,Pennsylvania
100,Slade,Waterhouse,541-405-0491,Male,Oregon
101,Onofredo,Banford,814-147-5124,Bigender,Pennsylvania
102,Aprilette,Everall,217-630-8056,Female,Illinois
103,Kelly,Chancellor,215-156-3987,Bigender,Pennsylvania
104,Katti,Birley,954-158-6024,Female,Florida
105,Ruprecht,Antognazzi,318-159-3090,Male,Louisiana
106,Dasie,Eastup,850-119-0908,Female,Florida
107,Debbie,Dettmar,915-173-2255,Female,Texas
108,Lorri,Sterman,339-332-9864,Female,Massachusetts
109,Melessa,Espinel,916-711-4617,Female,California
110,Kip,Simkins,818-182-7834,Female,California
111,Benedetto,Croster,312-179-7456,Male,Illinois
112,Armando,Whitesel,814-987-1816,Male,Pennsylvania
113,Roger,Jobe,323-132-3201,Male,California
114,Pam,Lammertz,718-317-1149,Female,New York
115,Nellie,Duffet,614-629-8682,Female,Ohio
116,Gwenneth,Coverley,225-102-0566,Female,Louisiana
117,Adelice,Wrennall,205-431-2392,Female,Alabama
118,Shela,Koppel,205-238-0394,Female,Alabama
119,Preston,McOnie,713-585-0219,Male,Texas
120,Zena,Goulthorp,704-597-9640,Female,North Carolina
121,Lucias,Darko,319-791-9048,Male,Iowa
122,Jessika,Pindell,772-865-7057,Female,Florida
123,Judith,Drogan,818-553-1029,Polygender,California
124,Vittoria,Quinsee,386-134-3382,Female,Florida
125,Reagen,Prandi,803-900-0271,Male,South Carolina
126,Idalina,Garthshore,913-600-1077,Female,Kansas
127,Howey,Labes,562-828-0263,Male,California
128,Cly,Leethem,907-189-6894,Male,Alaska
129,Donnie,Kuhle,360-877-0395,Female,Washington
130,Colene,Sutherland,602-975-7761,Female,Arizona
131,Ikey,De Filippis,605-267-1510,Male,South Dakota
132,Arnuad,Rudolph,269-924-6727,Male,Michigan
133,Bradly,Miranda,253-854-3168,Male,Washington
134,Hilton,Shakesby,651-694-1229,Male,Minnesota
135,Ines,Semrad,801-113-2433,Genderfluid,Utah
136,Delinda,Dudbridge,216-820-2702,Female,Ohio
137,Wolfy,Riddiough,727-235-6594,Male,Florida
138,Torre,Strutton,806-507-3716,Male,Texas
139,Ernaline,Munsey,757-338-7493,Female,Virginia
140,Mireille,Gathercole,316-844-9426,Female,Kansas
141,Morna,Beauchamp,864-943-5574,Female,South Carolina
142,Teresa,Lutsch,858-805-2304,Female,California
143,Al,Bowhay,651-888-2978,Male,Minnesota
144,Darda,Lawrenson,404-811-8418,Bigender,Georgia
145,Torry,Djokic,571-790-8092,Male,Virginia
146,Harwilll,Manuele,310-482-3505,Genderqueer,California
147,Dorrie,Ebbles,209-639-4518,Female,California
148,Paloma,Couves,212-375-3457,Female,New York
149,Elaine,Cotgrave,315-303-9807,Polygender,New York
150,Chelsey,Wharby,408-125-3175,Female,California
151,Gert,Caush,402-219-3288,Female,Nebraska
152,Johnathon,Vettore,602-626-7481,Male,Arizona
153,Esmeralda,Jeaycock,937-797-6555,Female,Ohio
154,Pietro,Sultana,559-422-7891,Male,California
155,Claudette,Colgrave,202-183-1648,Female,District of Columbia
156,Jarred,Meekins,714-603-0699,Male,California
157,Aprilette,Dunks,916-507-1821,Female,California
158,Weylin,Bembrigg,304-581-0422,Male,West Virginia
159,Zara,Leason,219-590-8007,Female,Indiana
160,Blake,Primmer,910-629-0560,Male,North Carolina
161,Kelsy,Rodie,225-357-1948,Female,Louisiana
162,Saul,Hovenden,858-460-9940,Male,California
163,Curr,Stollenbecker,571-915-1767,Male,Virginia
164,Gretel,Simoni,240-577-5925,Female,Maryland
165,Tobit,Skipp,210-815-6163,Non-binary,Texas
166,Maryrose,Gooden,479-459-6900,Female,Arkansas
167,Nickola,Enos,989-106-7612,Male,Michigan
168,Chet,Frankis,305-492-4685,Male,Florida
169,Lion,Brindley,214-179-4432,Male,Texas
170,Meir,Curee,850-671-5546,Male,Florida
171,Ulrikaumeko,Dolbey,386-807-2025,Female,Florida
172,Bella,Shafto,302-722-1268,Female,Delaware
173,Budd,Jirasek,903-182-7553,Genderfluid,Texas
174,Alayne,Sapena,212-197-1731,Female,New York
175,Simone,Brigginshaw,814-483-9720,Male,Pennsylvania
176,Jacinthe,Broek,971-394-1025,Female,Oregon
177,Blake,Paten,303-524-7520,Male,Colorado
178,Kendell,Glanister,415-876-8261,Male,California
179,Caesar,Enders,571-412-9230,Male,Virginia
180,Iona,Merida,757-523-6509,Female,Virginia
181,Myron,Tasseler,702-461-9313,Male,Nevada
182,Kerrin,Bayldon,772-645-7029,Female,Florida
183,Efren,McDade,716-271-8253,Male,New York
184,Faina,Tort,816-305-5670,Female,Missouri
185,Levon,Scrymgeour,904-782-1267,Male,Florida
186,Felizio,Harries,919-135-5099,Male,North Carolina
187,Lyndel,Langley,202-796-2003,Non-binary,District of Columbia
188,Conni,Creebo,320-351-6412,Female,Minnesota
189,Dermot,Frye,808-971-8880,Male,Hawaii
190,Asa,Presdee,860-765-6770,Male,Connecticut
191,Yank,Battrick,803-176-1660,Male,South Carolina
192,Claretta,Cheng,605-155-5804,Female,South Dakota
193,Viviana,Beetham,901-390-5501,Female,Tennessee
194,Ellissa,Armin,615-794-7996,Female,Tennessee
195,Lin,Cosbee,973-215-4887,Male,New Jersey
196,Ilene,Sherrard,989-497-0724,Female,Michigan
197,Laetitia,Bavridge,415-186-5613,Female,California
198,Tracy,Airdrie,361-448-4210,Male,Texas
199,Demetris,Noweak,618-518-0726,Male,Illinois
200,Meagan,Stolberger,309-444-1727,Genderfluid,Illinois
201,Clemmy,Slidders,339-400-1220,Female,Massachusetts
202,Homerus,Lamborne,814-384-5570,Male,Pennsylvania
203,Ingram,Cholonin,202-582-9001,Male,District of Columbia
204,Kahaleel,Sidle,202-889-3554,Male,District of Columbia
205,Carmen,Gludor,574-639-2533,Female,Indiana
206,Webster,Legonidec,404-295-4207,Male,Georgia
207,Sibyl,Goundsy,405-279-7667,Male,Oklahoma
208,Aurea,Casaccio,832-599-0698,Female,Texas
209,Jaymie,Lorkins,775-537-2112,Male,Nevada
210,Leland,Koubu,315-845-5656,Non-binary,New York
211,Charlena,Botright,503-959-4179,Female,Oregon
212,Raina,Ruseworth,706-278-4335,Female,Georgia
213,Zaneta,Joyes,443-772-8760,Female,Maryland
214,Lydie,Skoggins,815-829-5631,Female,Illinois
215,Dulce,Clarke-Williams,816-445-3605,Female,Missouri
216,Morlee,Strawbridge,740-719-1483,Male,Ohio
217,Lia,Lurner,304-448-4624,Female,West Virginia
218,Bordie,Bellworthy,615-941-5089,Male,Tennessee
219,Mommy,O'Shiels,262-915-0470,Female,Wisconsin
220,Tersina,Wykey,212-309-3268,Female,New York
221,Cate,Piddle,714-285-8482,Female,California
222,Kit,Rushforth,214-624-3691,Male,Texas
223,Teirtza,Muat,407-895-2878,Female,Florida
224,Vikki,McKendry,254-639-9037,Female,Texas
225,Teodora,Goggey,520-472-2145,Female,Arizona
226,Pam,D'Ambrogio,713-696-4425,Female,Texas
227,Isaak,Yewdall,850-659-9456,Male,Florida
228,Joell,Pearmain,502-722-1012,Agender,Kentucky
229,Terza,Dix,719-454-6416,Female,Colorado
230,Demetris,Seiffert,808-800-2012,Male,Hawaii
231,Kale,Binyon,651-774-8775,Male,Minnesota
232,Darnell,Mollon,661-564-9505,Male,California
233,Belva,Cudby,951-450-6606,Genderqueer,California
234,Lyndy,Geggie,734-932-9967,Female,Michigan
235,Elisha,Bernard,954-666-0820,Female,Florida
236,Clem,Collison,570-188-9998,Female,Pennsylvania
237,Alvy,Cordeau],518-956-3200,Male,New York
238,Maryjane,Ewbank,920-693-9931,Female,Wisconsin
239,Catarina,Colegrove,253-645-0525,Female,Washington
240,Brand,Varvara,816-738-4987,Genderqueer,Missouri
241,Raquel,Boscott,703-238-4764,Female,Virginia
242,Kingsly,Yuill,651-910-7910,Male,Minnesota
243,Iseabal,Rexworthy,251-363-6334,Agender,Alabama
244,Debra,Redier,815-772-4339,Female,Illinois
245,Petronille,McGrory,619-409-6618,Female,California
246,Levi,Cobon,330-996-4495,Male,Ohio
247,Quill,Cousin,225-261-5180,Male,Louisiana
248,Reggis,Marston,415-950-1887,Male,California
249,Forbes,Glass,713-554-9639,Male,Texas
250,Kennett,Brandrick,215-486-2104,Male,Pennsylvania
251,Jolene,Greatland,225-827-6612,Female,Louisiana
252,Diena,Scally,321-822-6963,Female,Florida
253,Marilee,Zamora,209-772-0354,Female,California
254,Kellina,Caveill,502-316-3760,Female,Kentucky
255,Marcile,Edelman,703-799-3200,Female,Virginia
256,Brennan,Davydychev,919-406-4799,Male,North Carolina
257,Astrid,Barthram,678-347-4572,Female,Georgia
258,Dredi,Nelius,305-972-5950,Female,Florida
259,Isaiah,Upchurch,415-341-2685,Male,California
260,Rustin,Ughini,517-382-8189,Male,Michigan
261,Marsiella,Negus,248-176-4359,Female,Michigan
262,Cari,Swannie,941-798-3985,Female,Florida
263,Shawn,Ritchley,617-479-8494,Female,Massachusetts
264,Farris,Tussaine,505-313-5281,Male,New Mexico
265,Henryetta,Rudgley,412-768-3194,Female,Pennsylvania
266,Merrel,Rooksby,419-173-3324,Male,Ohio
267,Sidoney,Guyonneau,205-767-9709,Female,Alabama
268,Clayson,Kennedy,847-268-9887,Male,Illinois
269,Mella,Waddie,317-573-4831,Female,Indiana
270,Myriam,Jansey,313-415-2419,Female,Michigan
271,Dominga,Summerscales,765-110-0468,Bigender,Indiana
272,Sherye,Gerrey,520-681-1466,Female,Arizona
273,Barry,Cogley,602-484-1487,Male,Arizona
274,Arden,Marcham,202-612-2963,Female,District of Columbia
275,Lukas,Wenzel,937-549-6936,Male,Ohio
276,Barry,Smithyman,208-937-8507,Agender,Idaho
277,Frankie,Buffin,434-337-5854,Male,Virginia
278,Jackelyn,Carrol,540-665-1449,Female,Virginia
279,Galvin,Dewer,503-228-5284,Male,Oregon
280,Nonna,Crucetti,317-142-8619,Female,Indiana
281,Serene,Bullick,202-570-3668,Female,Maryland
282,Flem,Janota,205-430-4635,Male,Alabama
283,Kingsly,Rushworth,217-143-7379,Male,Illinois
284,Maurise,Woliter,414-861-2214,Female,Wisconsin
285,Casandra,Manuelli,318-842-3444,Female,Louisiana
286,Sheelagh,Chisholme,402-572-1067,Female,Nebraska
287,Denys,Southam,940-976-9765,Male,Texas
288,Ahmad,Giblin,256-491-2145,Male,Alabama
289,Gill,Doles,202-231-2683,Female,District of Columbia
290,Niven,Osment,810-343-4750,Male,Michigan
291,Revkah,Filshin,404-309-1263,Female,Georgia
292,Ophelie,Worwood,937-729-6184,Female,Ohio
293,Estel,Thickins,262-526-1394,Female,Wisconsin
294,Hayden,Upwood,520-737-6833,Male,Arizona
295,Murray,Kitcher,704-123-5440,Polygender,North Carolina
296,Der,Jellman,469-336-6963,Male,Texas
297,Calv,Matas,763-479-5040,Male,Minnesota
298,Justine,Cristoferi,501-532-7799,Female,Arkansas
299,Urbano,De Blase,614-433-4674,Male,Ohio
300,Agna,Bolding,608-530-2639,Female,Wisconsin
301,Natalina,Alyoshin,530-468-5219,Female,California
302,Brett,Flook,612-344-9281,Female,Minnesota
303,Gabbey,Haensel,508-349-7912,Female,Massachusetts
304,Marcellus,Towse,951-382-0347,Male,California
305,Adrian,Mates,213-570-0898,Male,California
306,Gasper,Sperling,951-919-4022,Male,California
307,Morry,Merriday,212-170-4826,Male,New York
308,Jess,Gopsill,325-639-3220,Female,Texas
309,Aile,Allery,952-624-1770,Female,Minnesota
310,Andi,Farlham,918-261-0433,Female,Oklahoma
311,Aeriell,Curnucke,941-972-2852,Bigender,Florida
312,Bethany,Buchan,901-763-5131,Female,Tennessee
313,Burlie,Toft,786-812-9685,Agender,Florida
314,Miles,Deery,989-964-7354,Male,Michigan
315,Tedmund,Crombleholme,801-252-1252,Male,Utah
316,Corena,Lilliman,202-710-9232,Female,District of Columbia
317,Stanford,de Mullett,469-935-1588,Polygender,Texas
318,Angelique,Roskam,682-172-5681,Female,Texas
319,Seth,Olivello,520-488-5667,Male,Arizona
320,Lamont,Probart,406-300-2675,Male,Montana
321,Kippy,Quakley,205-250-5927,Male,Alabama
322,Thurstan,Cuddehy,407-466-5263,Male,Florida
323,Doloritas,Pettinger,321-174-1188,Female,Florida
324,Patton,Tatem,559-997-1217,Male,California
325,Joelynn,McPhelimy,206-669-9480,Female,Washington
326,Roddie,Blackhall,314-331-0146,Male,Missouri
327,Roxanna,Jacobbe,303-486-9195,Female,Colorado
328,Corrinne,Gettone,617-339-0484,Female,Massachusetts
329,Morgan,Lawler,972-550-1267,Male,Texas
330,Theo,Hawket,304-205-3182,Male,West Virginia
331,Barry,Dawidsohn,318-140-2120,Female,Louisiana
332,Jo-anne,Imeson,915-790-9363,Female,Texas
333,Ethelda,Deinhard,512-270-7959,Female,Texas
334,Rurik,Pavier,309-216-7901,Polygender,Illinois
335,Thacher,Ruggen,801-749-0867,Male,Utah
336,Grace,Lawles,614-673-0893,Male,Ohio
337,Siffre,Horrod,315-795-9982,Male,New York
338,Queenie,Klimkowski,561-579-1552,Genderfluid,Florida
339,Gwendolin,Blacksland,907-752-6697,Female,Alaska
340,Cassie,Cusack,936-823-3214,Female,Texas
341,Thorvald,Dingwall,714-927-1452,Male,California
342,Torey,Heaker,504-573-8569,Female,Louisiana
343,Nester,Bradley,801-426-3442,Male,Utah
344,Lauri,Mankor,423-629-0173,Female,Tennessee
345,Amelia,Ciccetti,516-813-9923,Female,New York
346,Rab,Smylie,910-469-6453,Male,North Carolina
347,Vincenty,Salery,309-141-5760,Male,Illinois
348,Tobye,Antonsson,602-736-6767,Female,Arizona
349,Goraud,Cheak,419-708-1280,Male,Ohio
350,Ambrosius,Needs,585-677-9987,Male,New York
351,Sylas,Robertucci,202-422-3348,Male,District of Columbia
352,Kelci,Baser,626-449-2494,Female,California
353,Fifine,Izhakov,513-601-8748,Female,Ohio
354,Vivien,Naismith,402-574-0614,Female,Nebraska
355,Petronille,Hollows,415-967-5996,Female,California
356,Christabel,Keelinge,513-302-0561,Agender,Ohio
357,Thatcher,Harring,209-669-1472,Male,California
358,Jamima,Planks,775-529-6590,Female,Nevada
359,Davidde,Balfour,810-186-6356,Agender,Michigan
360,Arlen,Chard,314-993-1175,Male,Missouri
361,Elita,Gilloran,309-489-1996,Female,Illinois
362,Tomasina,Wimlett,212-429-2106,Female,New York
363,Winnifred,Hargess,817-227-5517,Female,Texas
364,Vladimir,McElhargy,330-583-9336,Male,Ohio
365,Tamarah,Stenners,314-205-1755,Genderqueer,Missouri
366,Anastasia,Snowling,281-886-1365,Female,Texas
367,Wendi,Fantini,312-452-3366,Female,Illinois
368,Mariana,Postle,602-369-8663,Female,Arizona
369,Monty,Phelipeaux,213-843-6415,Male,California
370,Brittan,Veschambre,719-378-2910,Female,Colorado
371,Valerye,Covet,773-752-6930,Female,Illinois
372,Garwood,Zielinski,724-512-6052,Male,Pennsylvania
373,Sherline,Pearl,225-399-3356,Female,Louisiana
374,Inessa,Bleibaum,415-934-9284,Female,California
375,Lothaire,Mackneis,757-332-7495,Male,Virginia
376,Carlynne,Brookhouse,630-800-1640,Female,Illinois
377,Barbey,Clemerson,586-805-3320,Female,Michigan
378,Oneida,Boulton,925-202-9018,Female,California
379,Melania,Elderidge,508-617-2038,Female,Massachusetts
380,Herb,Buxcy,302-562-4048,Male,Delaware
381,Liuka,Langforth,510-659-9448,Female,California
382,Bernetta,Botger,806-647-4078,Female,Texas
383,Claire,Fleetwood,951-663-8361,Agender,California
384,Myra,Piatek,281-953-5288,Female,Texas
385,Francene,Sawfoot,203-176-2164,Non-binary,Connecticut
386,Rhianna,Guillford,321-742-8917,Female,Florida
387,Hillary,Verne,530-893-6042,Male,California
388,Margot,Cogin,317-308-5962,Female,Indiana
389,Ephraim,Strood,815-575-8060,Male,Illinois
390,Myer,Maeer,775-957-3756,Male,Nevada
391,Lynette,Handaside,720-363-9104,Female,Colorado
392,Shelia,Messham,417-314-8835,Female,Missouri
393,Eziechiele,Renzullo,325-637-5796,Male,Texas
394,Itch,Flewin,828-641-4435,Male,North Carolina
395,Nappy,O' Hogan,480-249-0452,Male,Arizona
396,Clemmy,Lerer,404-252-8523,Male,Georgia
397,Bryan,Gauntlett,410-598-0181,Male,Maryland
398,Kelci,Binnall,601-692-5333,Female,Mississippi
399,Moses,Beiderbeck,574-551-8621,Male,Indiana
400,Corette,Brendish,414-429-3183,Female,Wisconsin
401,Alane,Aspinwall,215-330-2180,Female,Pennsylvania
402,Dorothee,Dimitriades,859-785-3752,Female,Kentucky
403,Sam,Jugging,505-469-1309,Polygender,New Mexico
404,Kearney,Heinemann,754-531-6825,Male,Florida
405,Sammy,Whye,518-899-1788,Male,New York
406,Locke,Osbidston,915-314-3629,Male,Texas
407,Dale,Giercke,404-262-7815,Female,Georgia
408,Gisela,Gillbee,901-675-0565,Genderqueer,Tennessee
409,Linc,Djekovic,330-255-5387,Male,Ohio
410,Randolph,Scanes,786-591-3270,Male,Florida
411,Sigvard,Tawton,717-762-2365,Male,Pennsylvania
412,Allan,Kimbrey,916-357-2940,Male,California
413,Pris,Garmons,816-768-9320,Female,Missouri
414,Britt,Urrey,412-545-9295,Male,Pennsylvania
415,Donaugh,Alvarado,330-795-2636,Male,Ohio
416,Willie,Skyrm,754-794-2407,Female,Florida
417,Jacquenette,Gendricke,415-879-9930,Female,California
418,Chevalier,Aspin,402-972-9893,Male,Nebraska
419,Fields,Domnick,405-291-2987,Male,Oklahoma
420,Kiele,Pindar,540-749-2673,Female,Virginia
421,Hasheem,Lampard,772-710-0212,Male,Florida
422,Meredith,Pinchin,318-901-8033,Male,Louisiana
423,Kinnie,Marwick,919-409-4832,Male,North Carolina
424,Corbet,Mantle,510-630-5554,Genderqueer,California
425,Cello,Siggery,210-364-7549,Male,Texas
426,Bentley,Crunkhorn,720-623-9292,Male,Colorado
427,Lisetta,Cardenoso,915-684-1023,Female,Texas
428,Janetta,ducarme,559-727-6631,Bigender,California
429,Frannie,Dougill,610-835-5384,Female,Pennsylvania
430,Bar,Sara,757-118-7060,Male,Virginia
431,Hadley,Crier,203-596-1305,Male,Connecticut
432,Davine,O' Donohoe,860-911-5751,Female,Connecticut
433,Arne,Dennett,205-316-7669,Male,Alabama
434,Amalee,Bowmen,612-793-8235,Female,Minnesota
435,Sayer,Goslin,717-839-0114,Male,Pennsylvania
436,Elsa,Fadell,937-776-8921,Female,Ohio
437,Regine,Vedenisov,832-955-5759,Female,Texas
438,Avril,Cohan,412-462-5648,Female,Pennsylvania
439,Anderson,Stollery,314-357-2571,Male,Missouri
440,Reuben,Isacsson,703-865-7823,Male,Virginia
441,Thurstan,Cunnah,805-912-5983,Male,California
442,Jacquelyn,Aspole,907-494-5365,Female,Alaska
443,Krystal,Gooding,443-180-9052,Female,Maryland
444,Mackenzie,Sutherland,915-725-6117,Male,Texas
445,Tiffy,Mangenot,318-491-8581,Female,Louisiana
446,Madison,Poone,213-234-9196,Male,California
447,Jacquelyn,Moore,816-765-8633,Female,Missouri
448,Abraham,Showt,260-575-5476,Male,Indiana
449,Chrissie,Cristofol,530-667-9833,Female,California
450,Stace,Yearnsley,785-818-8685,Female,Kansas
451,Paulie,Yuille,215-399-0819,Female,Pennsylvania
452,Tanner,Bedburrow,509-814-7953,Genderfluid,Washington
453,Gradey,Braunle,352-737-6687,Male,Florida
454,Kakalina,Spire,214-616-8277,Female,Texas
455,Ardelia,Cavey,914-458-6701,Female,New York
456,Reamonn,Nuscha,202-556-6213,Male,District of Columbia
457,Adda,Stillgoe,636-501-0080,Female,Missouri
458,Elnore,Compford,310-582-2784,Female,California
459,Melina,Salatino,919-527-2929,Female,North Carolina
460,Chickie,Olivo,702-777-0567,Female,Nevada
461,Torin,Mosen,901-933-0383,Male,Tennessee
462,Tod,Dell'Abbate,347-547-3465,Male,New York
463,Garrek,Lightbody,267-920-2868,Male,Pennsylvania
464,Rochella,Matchett,402-490-9869,Female,Nebraska
465,Raynard,Ollerhead,971-671-6611,Male,Oregon
466,Elisa,Gook,918-287-3276,Female,Oklahoma
467,Jesus,Ugolotti,214-703-5707,Male,Texas
468,Marybeth,Cervantes,812-828-7396,Female,Indiana
469,Zarah,Grayson,262-250-9032,Female,Wisconsin
470,Isador,Gautrey,713-299-5642,Male,Texas
471,Shaine,Kuhne,713-251-6524,Female,Texas
472,Marta,Bellany,941-968-6174,Female,Florida
473,Jedediah,Labden,806-432-1834,Male,Texas
474,Ciro,Smeath,775-824-7666,Male,Nevada
475,Kittie,Cluney,713-417-5870,Female,Texas
476,Siegfried,Peeke-Vout,714-434-6170,Male,California
477,Tabb,Luparti,916-970-3656,Male,California
478,Welsh,Cauldwell,813-988-0126,Male,Florida
479,Briny,Cotterell,518-306-1237,Female,New York
480,Fanya,Mottinelli,316-645-8200,Female,Kansas
481,Darby,Winfred,205-142-9913,Female,Alabama
482,Aldrich,Eke,202-899-7063,Male,District of Columbia
483,Herta,Swalteridge,952-880-6417,Female,Minnesota
484,Homere,McSweeney,410-611-8125,Male,Maryland
485,Hamil,Briffett,215-157-6625,Male,Pennsylvania
486,Karim,Calbreath,602-277-3827,Male,Arizona
487,Nissy,Borrie,859-131-4183,Female,Kentucky
488,Valma,Tarbet,805-374-6993,Female,California
489,Daffie,McKendry,203-744-0612,Female,Connecticut
490,Roi,Wadman,317-643-3961,Male,Indiana
491,Vanya,Albasini,540-100-1491,Polygender,Virginia
492,Skippy,Shaefer,304-557-7236,Male,West Virginia
493,Andeee,Vernau,228-565-1260,Female,Mississippi
494,Karl,Downey,317-615-6030,Bigender,Indiana
495,Ford,Atrill,206-869-7458,Male,Washington
496,Rheta,Milbank,202-987-9231,Female,District of Columbia
497,Averill,Gommey,702-549-2034,Male,Nevada
498,Antonie,Lassells,317-642-6157,Female,Indiana
499,Illa,Quarton,937-378-7938,Female,Ohio
500,Rudolfo,Rookesby,904-456-3726,Male,Florida
501,Barron,Palmar,602-950-1319,Male,Arizona
502,Celisse,Bigley,915-933-7262,Female,Texas
503,Ellerey,Umbers,903-431-6617,Male,Texas
504,Ives,Gilhouley,714-819-2770,Male,California
505,Byrann,Bysshe,414-393-7588,Male,Wisconsin
506,Westbrook,Gettins,770-893-2992,Male,Georgia
507,Ashton,Lamonby,651-464-6318,Male,Minnesota
508,Husein,Sleeford,574-506-3976,Male,Indiana
509,Lon,Smithe,813-791-7627,Male,Florida
510,Staffard,McCard,850-472-8132,Non-binary,Florida
511,Giffy,Hayworth,641-194-7310,Male,Iowa
512,Wren,Phear,916-368-9379,Female,California
513,Rhona,Frain,713-541-4421,Female,Texas
514,Pet,Kelly,646-811-6200,Bigender,New York
515,Car,Pettis,617-661-2622,Male,Massachusetts
516,Garwin,Sebley,614-839-1050,Bigender,Ohio
517,Sammie,Bisley,304-422-7308,Male,West Virginia
518,Freeman,Redler,408-824-3151,Male,California
519,Christan,Simpson,303-374-7905,Female,Colorado
520,Lind,Hambidge,504-182-7363,Male,Louisiana
521,Vinita,Pykerman,419-704-2408,Female,Ohio
522,Hernando,Badgers,806-284-3033,Male,Texas
523,Miranda,Burston,205-706-5502,Female,Alabama
524,Vittorio,Benza,315-625-8020,Male,New York
525,Joachim,McCorrie,610-801-8113,Male,Pennsylvania
526,Elna,Challin,773-173-2006,Female,Illinois
527,Cami,Bamford,814-877-0340,Female,Pennsylvania
528,Venus,Drakeley,915-291-8531,Female,Texas
529,Ephraim,Mollen,716-678-7838,Male,New York
530,Ingemar,Drysdale,212-515-1715,Male,New York
531,Allie,Gapper,404-144-6073,Female,Georgia
532,Alonzo,Aliman,713-944-6857,Male,Texas
533,Sydney,Caudelier,915-687-6703,Male,Texas
534,Gael,Toupe,804-622-1592,Male,Virginia
535,Diannne,Vasilchikov,404-240-7790,Female,Georgia
536,Nelson,Butten,256-674-3295,Male,Alabama
537,Kathy,Scoates,412-912-8558,Female,Pennsylvania
538,Webb,Melmore,304-456-8034,Male,West Virginia
539,Teddi,Caulliere,202-729-3309,Female,District of Columbia
540,Chryste,Campany,713-990-9122,Female,Texas
541,Cherilyn,Almon,206-673-4981,Female,Washington
542,Ivett,Duro,786-896-4165,Female,Florida
543,Godfrey,Alsina,562-229-7599,Male,California
544,Morty,Gebbie,916-148-0150,Male,California
545,Darlleen,Jeannot,901-729-7275,Female,Tennessee
546,Fanni,Yarr,910-665-9002,Female,North Carolina
547,Bertrando,Coushe,806-220-9902,Male,Texas
548,Mikael,Barrabeale,281-720-5593,Male,Texas
549,Xena,Swansbury,352-766-5869,Female,Florida
550,Tibold,MacLeod,251-772-8247,Male,Alabama
551,Phillipp,McAndrew,260-893-6383,Male,Indiana
552,Milty,Hodgon,205-592-0330,Male,Alabama
553,Rik,Valenta,305-289-4934,Male,Florida
554,Bartlett,Revan,704-102-2987,Male,North Carolina
555,Sterne,Gregore,864-643-0733,Male,South Carolina
556,Alphard,McCarney,304-484-3522,Male,West Virginia
557,Prinz,Leving,904-542-9284,Male,Florida
558,Roxie,Antonijevic,806-282-8077,Female,Texas
559,Mallissa,Nickols,817-495-5326,Female,Texas
560,Genevieve,Lanigan,202-557-3729,Female,District of Columbia
561,Cosimo,Smolan,423-473-6427,Male,Tennessee
562,Derrek,Sorsby,859-963-1148,Male,Kentucky
563,Durward,Anglish,540-719-3216,Male,Virginia
564,Anson,Offa,512-475-2377,Male,Texas
565,Sharai,Aplin,571-284-3264,Female,Virginia
566,Stan,Maving,804-267-8278,Male,Virginia
567,Michell,Ornelas,623-571-2051,Female,Arizona
568,Juana,De La Cote,651-786-6177,Female,Minnesota
569,Lesly,Ingerson,770-640-5255,Non-binary,Georgia
570,Dorry,Rylstone,713-328-0382,Female,Texas
571,Beverley,Baylay,707-876-6951,Female,California
572,Chiquita,Elcy,214-205-8100,Female,Texas
573,Reena,Huxstep,605-386-6458,Polygender,South Dakota
574,Herta,Still,201-113-1371,Polygender,New Jersey
575,Aeriela,Belz,469-145-2439,Female,Texas
576,Xena,Birdseye,765-674-8123,Genderfluid,Indiana
577,Belita,Olliffe,517-201-8477,Female,Michigan
578,Corby,Lomaz,704-959-6757,Male,North Carolina
579,John,Lanyon,765-299-1750,Male,Indiana
580,Ofella,Milillo,704-136-1962,Genderfluid,North Carolina
581,Dar,Cockshut,941-681-9007,Male,Florida
582,Eduino,Yeardsley,619-453-0315,Male,California
583,Daveta,Gillinghams,314-843-3355,Female,Missouri
584,Micaela,Bazek,309-394-6363,Genderqueer,Illinois
585,Michaeline,Bafford,202-369-0384,Female,District of Columbia
586,Allis,Boich,734-316-8685,Female,Michigan
587,Shannon,Blaschke,703-564-7848,Female,Virginia
588,Josee,Tharme,718-885-9152,Female,New York
589,Blakelee,Tribell,623-287-4075,Female,Arizona
590,Orly,Chesworth,404-648-1475,Non-binary,Georgia
591,Franz,McAndie,417-742-3601,Male,Missouri
592,Laird,Gouny,956-351-1642,Male,Texas
593,Beaufort,Lias,701-315-6867,Genderqueer,North Dakota
594,Morna,Mateiko,765-952-5664,Female,Indiana
595,Bert,Petken,801-639-7123,Male,Utah
596,Vasilis,Borrill,410-459-4743,Male,Maryland
597,Caty,Klimp,714-730-4688,Female,California
598,Gerik,Rounding,254-716-0570,Male,Texas
599,Erskine,Fullman,608-454-1960,Male,Wisconsin
600,Steffie,Altimas,719-898-6403,Female,Colorado
601,Morry,Mulford,972-757-6574,Male,Texas
602,Ellissa,Patters,757-876-7892,Female,Virginia
603,Harald,Rowter,502-253-4332,Male,Kentucky
604,Kristos,Fairholme,619-163-1987,Male,California
605,Perrine,Arnauduc,773-963-5019,Female,Illinois
606,Nonnah,McNab,312-966-5766,Polygender,Illinois
607,Barbee,Durrans,540-943-4706,Female,Virginia
608,Irvin,Durbin,505-793-4755,Male,New Mexico
609,Pooh,Punt,956-559-8129,Male,Texas
610,Kurtis,Bugdell,239-402-3893,Male,Florida
611,Collen,De La Haye,304-997-1390,Female,West Virginia
612,Jodi,Hearne,571-530-7769,Non-binary,Virginia
613,Winnie,Leguey,781-970-7431,Male,Massachusetts
614,Yard,Ancell,903-968-4662,Male,Texas
615,Christoffer,Skipper,804-307-8773,Male,Virginia
616,Coralyn,Jiras,724-665-1416,Female,Pennsylvania
617,Ellette,Coyish,302-285-6084,Female,Delaware
618,Jeni,Benny,325-949-0900,Female,Texas
619,Edy,Steeples,303-460-4091,Female,Colorado
620,Jena,Hullin,281-499-6894,Female,Texas
621,Taber,Gonthier,801-315-3567,Male,Utah
622,Fabiano,Esler,630-981-0168,Male,Illinois
623,Joey,Assante,202-560-5975,Bigender,District of Columbia
624,Welbie,Batie,314-971-1156,Male,Missouri
625,Brnaba,Dufoure,847-219-6961,Male,Illinois
626,Silas,Huggens,786-946-4578,Male,Florida
627,Mohammed,Fawkes,614-135-4928,Male,Ohio
628,Elwyn,Tuke,561-633-9391,Male,Florida
629,Adriaens,Coneron,801-279-8950,Female,Utah
630,Chantalle,Greeson,571-893-4791,Female,Virginia
631,Yul,Glaze,203-800-2079,Male,Connecticut
632,Jase,MacHostie,865-505-0667,Male,Tennessee
633,Oralia,Yukhnev,909-151-8829,Genderfluid,California
634,Flossy,Pimblott,425-944-1405,Female,Washington
635,Marilee,Weatherhead,212-991-8262,Female,New York
636,Boy,De Filippo,702-615-0037,Male,California
637,Fernande,Ellit,303-145-6234,Female,Colorado
638,Pietro,Siaspinski,571-910-1846,Male,Virginia
639,Hollyanne,Philipsen,941-281-2701,Female,Florida
640,Dev,Belverstone,303-275-8886,Male,Colorado
641,Annetta,Oven,225-117-6366,Female,Louisiana
642,Cash,Stovell,916-474-8156,Genderqueer,California
643,Reuven,Shadfourth,817-368-0729,Male,Texas
644,Kerr,Sterman,518-768-1438,Male,New York
645,Jess,Alexander,313-650-7672,Female,Michigan
646,Livy,Pickard,806-358-2150,Female,Texas
647,Alphonse,Fincham,774-271-4183,Male,Massachusetts
648,Errol,Ockwell,425-917-2112,Male,Washington
649,Francyne,Grint,256-413-6277,Female,Alabama
650,Niles,Eton,850-299-8332,Male,Florida
651,Rosalie,De Vaan,907-685-3367,Female,Alaska
652,Daveen,Crick,757-980-3133,Female,Virginia
653,Ashlen,Faich,281-972-1686,Female,Texas
654,Gale,Studholme,361-732-3053,Female,Texas
655,Newton,Celli,915-453-8852,Male,Texas
656,Godfry,Flisher,602-245-8140,Male,Arizona
657,Keri,Murt,517-382-5790,Polygender,Michigan
658,Milo,Camoletto,217-762-5465,Male,Illinois
659,Fonsie,Sellor,402-543-0741,Male,Nebraska
660,Merle,Neeve,313-574-4477,Bigender,Michigan
661,Poul,Pavolini,316-488-6950,Male,Kansas
662,Ginger,Ridwood,360-207-7935,Male,Washington
663,Emlynn,Matkin,540-919-0337,Female,Virginia
664,Frants,Beney,434-159-8558,Male,Virginia
665,Calypso,Kasperski,720-421-4067,Female,Colorado
666,Reiko,O'Keenan,772-137-5559,Female,Florida
667,Clevey,Bainbridge,419-673-7319,Male,Ohio
668,Osgood,Mayow,619-524-6116,Male,California
669,Vaclav,Ewbanks,202-131-3932,Male,District of Columbia
670,Reider,Samett,718-916-0088,Male,New York
671,Gwendolin,Sheara,504-262-9512,Female,Louisiana
672,Dianemarie,Parfrey,920-343-5344,Female,Wisconsin
673,Charley,Tenniswood,805-220-0792,Bigender,California
674,Jocko,Gatland,313-601-4590,Male,Michigan
675,Aldo,Downey,615-530-4479,Male,Tennessee
676,Derrik,Austins,702-696-8722,Male,Nevada
677,Pansie,Fessions,623-806-1369,Female,Arizona
678,Danice,Hillatt,512-319-3118,Female,Texas
679,Ad,Grindall,202-607-9413,Male,District of Columbia
680,Duffy,Darbishire,518-335-4450,Male,New York
681,Batsheva,MacGillivray,302-404-8005,Female,Delaware
682,Tatiana,Dumbleton,281-824-3801,Female,Texas
683,Carver,Culver,713-141-0606,Non-binary,Texas
684,Benjy,Kerry,312-123-0909,Male,Illinois
685,Westleigh,Gridley,816-130-4985,Male,Missouri
686,Stephenie,Rawlingson,260-865-6742,Female,Indiana
687,Rorke,Brackenridge,903-980-1947,Male,Texas
688,Chrissy,Gerin,425-355-3638,Male,Washington
689,Henrik,Poulglais,913-724-6191,Male,Kansas
690,Nealon,Moysey,540-477-9919,Male,Virginia
691,Sibby,Lyfe,212-652-5289,Female,New York
692,Dalis,Daville,434-698-6465,Male,Virginia
693,Timotheus,Robertson,614-999-3614,Male,Ohio
694,Jarib,Lembrick,209-808-3653,Male,California
695,Xaviera,Beeswing,570-182-4149,Female,Pennsylvania
696,Billie,Oddy,704-970-6013,Female,North Carolina
697,Lillis,Zanazzi,415-841-5731,Female,California
698,Niels,Olver,202-138-9357,Polygender,District of Columbia
699,Danya,Birch,818-813-3959,Female,California
700,Tamera,Reame,502-555-2442,Female,Kentucky
701,Lars,Vardey,304-663-7693,Male,West Virginia
702,Benetta,O'Doogan,952-747-8298,Non-binary,Minnesota
703,Amity,McCoid,970-389-9022,Female,Colorado
704,Bibbie,Heinicke,410-953-0743,Female,Maryland
705,Darnell,Craddy,501-893-8339,Male,Arkansas
706,Arvie,Mesias,304-147-5929,Non-binary,West Virginia
707,Judye,Chettle,317-157-3641,Female,Indiana
708,Sibbie,Wetwood,617-469-1805,Female,Massachusetts
709,Dalston,Buey,602-162-5693,Male,Arizona
710,Sibley,Gutierrez,775-321-1165,Female,Nevada
711,Sauncho,Burner,210-899-0329,Male,Texas
712,Ali,Langsdon,281-925-6872,Male,Texas
713,Basile,Bisatt,301-720-0664,Male,Maryland
714,Oralia,Coggings,414-120-2122,Female,Wisconsin
715,Hagan,MacKonochie,253-962-3945,Male,Washington
716,Iosep,Gettins,954-939-6096,Male,Florida
717,Elayne,Blant,605-509-9677,Female,South Dakota
718,Sibelle,Haimes,714-197-7592,Female,California
719,Cyrus,Blewett,651-735-6610,Male,Minnesota
720,Brock,Ladd,225-501-8498,Male,Louisiana
721,Malachi,Corneljes,502-420-7863,Male,Kentucky
722,Antonie,Top,520-753-6416,Female,Arizona
723,Georgi,Bygreaves,321-587-9911,Male,Florida
724,Torr,Pidon,206-500-5044,Male,Washington
725,Bordy,Jefford,310-767-3773,Male,California
726,Pryce,Caze,334-858-3032,Genderqueer,Alabama
727,Andrey,Blades,678-826-9983,Male,Georgia
728,Gottfried,Castagno,212-954-0480,Male,New York
729,Loleta,Cullnean,602-202-2759,Female,Arizona
730,Truda,Spring,971-737-5449,Female,Oregon
731,Haily,Cammacke,617-381-2535,Female,Massachusetts
732,Raddy,Keasy,414-783-3176,Male,Wisconsin
733,Johan,Haughan,502-408-9030,Male,Kentucky
734,Gregoor,McCloid,971-787-3489,Male,Oregon
735,Carley,Lody,561-138-0586,Female,Florida
736,Caryl,Vlies,865-682-2287,Male,Tennessee
737,Connor,Cleen,754-566-2756,Male,Florida
738,Karlotte,Lidbetter,202-248-6930,Female,District of Columbia
739,Maynord,Trunby,315-836-8161,Male,New York
740,Merrie,Scrase,318-313-6174,Female,Louisiana
741,Nikolas,Lias,713-647-8012,Male,Texas
742,Kalina,Kitson,415-127-2896,Female,California
743,Bartholomew,Dinkin,915-737-9344,Male,Texas
744,Correy,Rogans,816-940-8779,Male,Missouri
745,Hardy,Marvell,573-690-4937,Male,Missouri
746,Mirabelle,Andryszczak,760-976-7875,Female,California
747,Pippa,Favela,540-910-6548,Female,Virginia
748,Novelia,Enoksson,504-503-1560,Female,Louisiana
749,Moritz,Ineson,754-180-2924,Male,Florida
750,Alberta,Carslake,361-356-3714,Female,Texas
751,Andee,Wapol,704-679-6120,Female,North Carolina
752,Marena,Croci,954-363-1798,Female,Florida
753,Susie,Baiden,913-835-9488,Female,Kansas
754,Raul,Broune,941-664-8071,Male,Florida
755,Margit,Bleaden,704-139-3114,Polygender,North Carolina
756,Cornie,Paskerful,302-158-4363,Female,Delaware
757,Jacquenette,Corteney,571-653-5219,Female,Virginia
758,Scotti,McKenzie,909-107-2875,Male,California
759,Cassie,McAlindon,904-710-3969,Female,Florida
760,Justina,Taree,941-737-6010,Female,Florida
761,Eldredge,Lexa,515-162-7911,Male,Iowa
762,Roch,Meers,706-702-8907,Female,Georgia
763,Tymon,Whewill,402-828-7916,Agender,Nebraska
764,Lexi,Jessep,781-363-0718,Female,Massachusetts
765,Estell,Leyshon,202-830-5577,Female,District of Columbia
766,Clerissa,Kordova,203-778-9638,Female,Connecticut
767,Konstanze,Ruggier,708-868-6060,Female,Illinois
768,Steffie,Helian,626-742-4967,Female,California
769,Cathee,Shellard,626-708-8123,Female,California
770,Riobard,Entres,916-475-9778,Male,California
771,Zitella,Winson,334-145-2677,Female,Alabama
772,Wilt,Coopland,609-509-9652,Male,New Jersey
773,Woodie,Studders,310-264-9219,Male,California
774,Roderic,Boame,661-297-8833,Male,California
775,Read,Gasgarth,941-616-2256,Male,Florida
776,Cass,Doram,808-653-5488,Female,Hawaii
777,Kathi,Moxom,651-106-8697,Female,Minnesota
778,Carissa,Earney,816-650-4196,Female,Missouri
779,Jayson,Sor,941-601-3446,Male,Florida
780,Artair,Scarfe,609-446-4336,Male,New Jersey
781,Mag,Mandrier,754-123-3007,Female,Florida
782,Clayton,Larciere,402-358-5640,Male,Nebraska
783,Raphael,Roze,253-945-3150,Male,Washington
784,Gregg,Sibbert,714-481-6042,Agender,California
785,Sibylla,Rosser,301-237-3976,Female,Maryland
786,Kort,Abdon,202-125-7419,Male,District of Columbia
787,Cory,Bockings,812-341-6518,Male,Indiana
788,Beverlie,Fogt,860-494-3767,Female,Connecticut
789,Donaugh,Honniebal,518-186-0815,Male,New York
790,Art,Vigne,850-999-8300,Male,Florida
791,Judith,Gladdor,205-808-0221,Female,Alabama
792,Arlee,Gunnell,713-772-8841,Female,Texas
793,Sheryl,Cullum,954-537-1441,Female,Florida
794,Allin,Fresson,334-660-7094,Male,Alabama
795,Corie,Hawse,915-178-6525,Female,Texas
796,Carmencita,Marcum,916-616-0769,Female,California
797,Ajay,Iddon,757-722-5537,Female,Virginia
798,Fifine,Llewellin,310-313-2121,Female,California
799,Kassie,Alejandri,512-776-1058,Non-binary,Texas
800,Aili,Spiller,813-822-5486,Female,Florida
801,Corny,Cecere,601-234-3273,Male,Mississippi
802,Peter,Sheilds,720-609-1098,Male,Colorado
803,Christiana,De Beauchamp,509-593-8890,Female,Washington
804,Leone,Trouel,603-977-7609,Female,New Hampshire
805,Clair,Hallan,202-308-3797,Male,District of Columbia
806,Hastie,Pally,352-704-0248,Male,Florida
807,Marylynne,Fetter,713-863-9248,Female,Texas
808,Ketti,Pinchin,862-346-9210,Female,New Jersey
809,Gilburt,Nevitt,860-726-7332,Agender,Connecticut
810,Thatch,Brimham,804-698-7392,Male,Virginia
811,Lilia,Rainger,402-201-1279,Non-binary,Nebraska
812,Katleen,Wegman,626-572-8283,Female,California
813,Clementia,Ivory,616-787-8429,Female,Michigan
814,Rabbi,Benito,405-538-5369,Male,Oklahoma
815,Tyrus,Bortolini,859-658-1303,Male,Kentucky
816,Peter,Kochl,320-841-2353,Male,Minnesota
817,Merridie,Alwen,202-608-0281,Agender,District of Columbia
818,Cole,Gartsyde,512-613-9338,Male,Texas
819,Wini,Robison,716-754-4013,Female,New York
820,Roxy,Linwood,816-841-9300,Female,Missouri
821,Richard,Tomicki,203-794-6275,Male,Connecticut
822,Marita,Puttnam,216-678-8853,Female,Ohio
823,Leena,Konke,760-318-9335,Female,California
824,Raf,Eldridge,713-623-7798,Female,Texas
825,Chrisse,Wyd,404-135-7483,Male,Georgia
826,Marthena,Rainsden,239-670-5104,Female,Florida
827,Carlene,Redholls,323-903-9178,Polygender,California
828,Heath,Tolussi,323-496-3729,Polygender,California
829,Mirabel,Fairpool,509-171-2193,Female,Washington
830,Rinaldo,Rubenchik,281-894-5201,Male,Texas
831,Gayle,Gadie,419-642-8338,Female,Ohio
832,Porter,Pietruschka,757-301-2337,Male,Virginia
833,Louis,Marvell,954-609-4488,Male,Florida
834,Emlyn,Rishworth,512-848-0988,Male,Texas
835,Mufi,Bonnin,615-412-7388,Genderqueer,Tennessee
836,Eugen,Rathjen,318-996-7876,Male,Louisiana
837,Inglebert,Lilleyman,757-707-6435,Male,Virginia
838,Melitta,Hinzer,713-820-8592,Female,Texas
839,Ertha,Pennacci,216-977-1734,Female,Ohio
840,Filmer,Tremollet,936-218-7993,Male,Texas
841,Nikolia,Daile,570-432-5339,Female,Pennsylvania
842,Bartie,Cherry,309-133-8728,Male,Illinois
843,Ernesto,Muscroft,302-224-6042,Genderqueer,Delaware
844,Aprilette,Duprey,805-249-1666,Female,California
845,Thibaud,Chadderton,815-443-9316,Male,Illinois
846,Obadiah,MacKettrick,508-602-6382,Bigender,Massachusetts
847,Marline,Sample,817-200-3153,Female,Texas
848,Mortie,Opy,310-399-3379,Male,California
849,Bail,MacFall,208-958-3927,Male,Idaho
850,Cherrita,Normanvill,559-643-7187,Female,California
851,Beale,Carpenter,202-397-5598,Male,District of Columbia
852,Eda,Vasic,303-286-1140,Agender,Colorado
853,Leonora,Mobius,202-337-4817,Genderqueer,District of Columbia
854,Reta,Godridge,682-495-8908,Female,Texas
855,Kitty,Patesel,917-942-2818,Female,New York
856,Fredrika,Strudwick,913-913-3361,Female,Kansas
857,Alyssa,Dufore,720-773-6206,Female,Colorado
858,Teresina,Matsell,512-985-4112,Genderqueer,Texas
859,Trix,Beever,713-903-7200,Female,Texas
860,Lira,Cullimore,661-224-8413,Female,California
861,Peadar,Traut,316-475-7322,Male,Kansas
862,Meggie,Strettell,803-886-4404,Female,South Carolina
863,Murray,Littrik,502-646-8239,Male,Kentucky
864,Sheila-kathryn,Paulou,303-496-5667,Female,Colorado
865,Gordy,Stanway,408-201-9936,Male,California
866,Faulkner,Bonnaire,412-187-9030,Male,Pennsylvania
867,Yettie,De Bruijne,816-157-4115,Female,Missouri
868,Darleen,Hothersall,805-408-5400,Female,California
869,Kendall,Main,916-446-8951,Male,California
870,Geoffrey,Althorp,302-455-4122,Male,Delaware
871,Randy,Dearl,801-504-8302,Female,Utah
872,Constantia,Benedict,727-958-9376,Genderqueer,Florida
873,Annabella,Valadez,904-837-2679,Female,Florida
874,Lucinda,Body,678-588-4599,Female,Georgia
875,Karrie,Gatrell,415-738-6115,Non-binary,California
876,Robbie,Valentin,917-577-7217,Female,New York
877,Reidar,Cortez,512-918-0714,Male,Texas
878,Jacklyn,Bannister,212-604-2813,Female,New York
879,Denice,Carswell,801-245-7456,Female,Utah
880,Arvy,Picker,720-705-4666,Male,Colorado
881,Willy,Garmons,916-701-3067,Bigender,California
882,Myer,Luckey,402-308-0124,Male,Nebraska
883,Fran,Kaveney,704-366-0546,Female,North Carolina
884,Jethro,Loeber,516-148-3811,Male,New York
885,Didi,Acheson,305-575-3868,Genderfluid,Florida
886,Borden,Brawn,816-735-2331,Agender,Missouri
887,Chrissy,Cowdroy,757-489-1827,Female,Virginia
888,Zack,MacBey,202-125-7930,Male,District of Columbia
889,Gabbie,Messom,904-430-1015,Male,Florida
890,Catherin,Mattys,530-129-4488,Female,California
891,Caron,Beneix,417-414-1243,Female,Missouri
892,Baldwin,Cosstick,985-123-5794,Male,Louisiana
893,Petunia,Pressnell,214-701-7086,Female,Texas
894,Lil,Tizzard,770-800-7719,Female,Georgia
895,Zondra,Ashman,774-867-1771,Female,Massachusetts
896,Rozalie,Carbett,810-287-1316,Female,Michigan
897,Des,McKeag,919-832-1370,Male,North Carolina
898,Madison,Rieger,716-700-1751,Male,New York
899,Saba,Leehane,909-113-5284,Female,California
900,Shermy,Achromov,414-378-3931,Male,Wisconsin
901,Chaddy,Anger,843-203-8454,Male,South Carolina
902,Juditha,Gollop,330-213-2372,Female,Ohio
903,Morly,McKerron,952-100-5424,Genderfluid,Minnesota
904,Bettine,Von Welden,816-125-5625,Female,Missouri
905,Marybelle,Khadir,505-121-8523,Non-binary,New Mexico
906,Drusie,Adlard,925-716-5589,Female,California
907,Garik,Rapier,315-565-7084,Male,New York
908,Olympie,Durram,210-268-6727,Female,Texas
909,Zola,Bacop,601-626-5389,Female,Mississippi
910,Katina,MacMurray,407-680-6353,Female,Florida
911,Francis,Anan,251-459-2214,Male,Alabama
912,Tad,Shakesbye,501-130-5382,Male,Arkansas
913,Melvyn,McCome,518-655-0168,Male,New York
914,Hatti,Leckie,202-721-4234,Female,District of Columbia
915,Nedda,Loghan,602-847-0423,Female,Arizona
916,Aleen,Kleint,713-840-3295,Female,Texas
917,Domeniga,Mack,517-693-1377,Female,Michigan
918,Karlen,Bolzmann,845-848-8268,Female,New York
919,Beck,Smouten,503-914-5612,Male,Oregon
920,William,Puddicombe,304-183-5049,Male,West Virginia
921,Dorrie,Mettetal,404-391-0870,Female,Georgia
922,Tiler,Faulconbridge,832-215-0353,Non-binary,Texas
923,Rancell,Thormann,941-241-4686,Male,Florida
924,Fax,Beharrell,406-887-4345,Male,Montana
925,Laurel,Van der Baaren,916-423-5095,Female,California
926,Angeline,Bartrap,616-470-6313,Female,Michigan
927,Barbabas,Cockaday,574-298-8799,Male,Indiana
928,Pietra,Francombe,845-559-6774,Polygender,New York
929,Junina,Rault,209-112-7335,Female,California
930,Trumann,Dohmer,803-785-1001,Male,South Carolina
931,Marlena,Plester,318-356-3208,Female,Louisiana
932,Melodee,Pedrozzi,713-560-2798,Agender,Texas
933,Bianca,Fullicks,309-255-1280,Female,Illinois
934,Alic,Overthrow,320-243-3341,Male,Minnesota
935,Simmonds,Faltin,502-654-0439,Male,Kentucky
936,Guss,McGuinley,808-481-7068,Male,Hawaii
937,Theodore,Aldwich,215-695-3581,Male,Pennsylvania
938,Paule,Downey,318-316-5861,Female,Louisiana
939,Amandi,Wharin,501-635-8131,Female,Arkansas
940,Belva,Bengough,817-982-4745,Female,Texas
941,Eduino,Cattanach,225-590-4716,Male,Louisiana
942,Niall,Goslin,317-812-3578,Genderfluid,Indiana
943,Stevie,Hankins,804-972-1029,Genderqueer,Virginia
944,Briant,Siddele,864-491-4927,Male,South Carolina
945,Hobard,Rossiter,703-797-7364,Male,Virginia
946,Antoine,Phillp,734-960-5313,Male,Michigan
947,Miltie,Willden,469-860-2208,Male,Texas
948,Hammad,Papa,330-132-3958,Male,Ohio
949,Marjy,Eustace,502-467-0263,Female,Kentucky
950,Shaine,Poleye,754-215-0680,Male,Florida
951,Slade,Strutley,202-356-2201,Male,District of Columbia
952,Bernetta,Meekins,808-240-0803,Female,Hawaii
953,Betteann,Adan,972-669-6410,Female,Texas
954,Amelie,Lyste,228-436-2392,Female,Mississippi
955,Silvain,Real,216-565-7744,Male,Ohio
956,Olympie,Kivlin,847-527-8008,Female,Illinois
957,Osbourne,Ferryman,719-815-3234,Male,Colorado
958,Chad,Kenner,915-833-2850,Male,Texas
959,Oswell,Bourcq,602-759-4825,Male,Arizona
960,Brooks,Batram,314-769-5882,Male,Missouri
961,Angele,Burtonshaw,405-595-7442,Female,Oklahoma
962,Moreen,Kersey,208-352-1763,Female,Idaho
963,Cherish,Almey,915-254-7056,Female,Texas
964,Johnathan,Cudihy,817-195-5761,Male,Texas
965,Isidora,Causbey,303-552-9684,Female,Colorado
966,Gerrilee,Bowick,319-876-6178,Female,Iowa
967,Dougie,Rasmus,440-666-6069,Male,Ohio
968,Abbot,Dorey,904-589-6644,Male,Florida
969,Delia,Olley,706-345-8612,Female,Georgia
970,Stanleigh,Stringman,757-321-7538,Male,Virginia
971,Sada,Crocetto,949-847-5979,Female,California
972,Harlan,Satchell,254-486-9549,Male,Texas
973,Lyndsie,Cramphorn,302-690-7418,Female,Delaware
974,Onfre,Izac,808-541-2996,Male,Hawaii
975,Susan,Perett,904-527-1983,Female,Florida
976,Massimo,Illidge,513-784-6528,Male,Ohio
977,Kirby,Willoughley,304-235-3457,Female,West Virginia
978,Davidson,Verne,312-239-4300,Male,Illinois
979,Cynthia,Briscam,312-248-7952,Female,Illinois
980,Travers,Mollin,903-827-4249,Male,Texas
981,Jabez,Grafton,804-365-6281,Male,Virginia
982,Erminie,Iron,317-549-0417,Female,Indiana
983,Cazzie,Bumpus,989-980-7178,Genderqueer,Michigan
984,Coralyn,Allsopp,973-277-6641,Female,New Jersey
985,Hewet,Isacoff,321-850-7886,Male,Florida
986,Issiah,Henken,803-394-9598,Genderfluid,South Carolina
987,Rockwell,Kershaw,913-475-7062,Male,Kansas
988,Judi,Caffery,509-560-8418,Female,Washington
989,Patsy,Grundey,508-686-3389,Female,Massachusetts
990,Dunstan,Christley,405-764-1748,Male,Oklahoma
991,Hugh,Kennelly,813-930-1927,Male,Florida
992,Glenine,Reeveley,251-360-6660,Female,Alabama
993,Stephannie,Pauly,719-612-9628,Female,Colorado
994,Jasen,Vesty,909-706-8010,Male,California
995,Rhianna,Beevers,312-438-1934,Genderqueer,Illinois
996,Mitch,Gerwood,571-627-0170,Male,Virginia
997,Lawrence,Moroney,203-240-6809,Male,Connecticut
998,Shaw,Genicke,212-172-7887,Male,New York
999,Jeffy,Falla,714-194-1314,Non-binary,California
1000,Kleon,Beverstock,281-292-5072,Male,Texas
